"Country Name","Country Code","Indicator Name","Indicator Code","1960","1961","1962","1963","1964","1965","1966","1967","1968","1969","1970","1971","1972","1973","1974","1975","1976","1977","1978","1979","1980","1981","1982","1983","1984","1985","1986","1987","1988","1989","1990","1991","1992","1993","1994","1995","1996","1997","1998","1999","2000","2001","2002","2003","2004","2005","2006","2007","2008","2009","2010","2011","2012","2013","2014","2015","2016","2017","2018","2019","2020",
"Aruba","ABW","Land area where elevation is below 5 meters (% of total land area)","AG.LND.EL5M.ZS","","","","","","","","","","","","","","","","","","","","","","","","","","","","","","","7.07036754","","","","","","","","","","7.07036754","","","","","","","","","","7.07036754","","","","","","","","","","",
"Africa Eastern and Southern","AFE","Land area where elevation is below 5 meters (% of total land area)","AG.LND.EL5M.ZS","","","","","","","","","","","","","","","","","","","","","","","","","","","","","","","0.205653610486461","","","","","","","","","","0.207289191158219","","","","","","","","","","0.205200688765905","","","","","","","","","","",
"Afghanistan","AFG","Land area where elevation is below 5 meters (% of total land area)","AG.LND.EL5M.ZS","","","","","","","","","","","","","","","","","","","","","","","","","","","","","","","","","","","","","","","","","","","","","","","","","","","","","","","","","","","","","",
"Africa Western and Central","AFW","Land area where elevation is below 5 meters (% of total land area)","AG.LND.EL5M.ZS","","","","","","","","","","","","","","","","","","","","","","","","","","","","","","","","","","","","","","","","","","","","","","","","","","","","","","","","","","","","","",
"Angola","AGO","Land area where elevation is below 5 meters (% of total land area)","AG.LND.EL5M.ZS","","","","","","","","","","","","","","","","","","","","","","","","","","","","","","","0.125723662","","","","","","","","","","0.125723662","","","","","","","","","","0.125723662","","","","","","","","","","",
"Albania","ALB","Land area where elevation is below 5 meters (% of total land area)","AG.LND.EL5M.ZS","","","","","","","","","","","","","","","","","","","","","","","","","","","","","","","4.861273115","","","","","","","","","","4.861273115","","","","","","","","","","4.861273115","","","","","","","","","","",
"Andorra","AND","Land area where elevation is below 5 meters (% of total land area)","AG.LND.EL5M.ZS","","","","","","","","","","","","","","","","","","","","","","","","","","","","","","","","","","","","","","","","","","","","","","","","","","","","","","","","","","","","","",
"Arab World","ARB","Land area where elevation is below 5 meters (% of total land area)","AG.LND.EL5M.ZS","","","","","","","","","","","","","","","","","","","","","","","","","","","","","","","0.576395757830146","","","","","","","","","","0.576444452039244","","","","","","","","","","0.575972409264662","","","","","","","","","","",
"United Arab Emirates","ARE","Land area where elevation is below 5 meters (% of total land area)","AG.LND.EL5M.ZS","","","","","","","","","","","","","","","","","","","","","","","","","","","","","","","4.813372718","","","","","","","","","","4.813372718","","","","","","","","","","4.813372718","","","","","","","","","","",
"Argentina","ARG","Land area where elevation is below 5 meters (% of total land area)","AG.LND.EL5M.ZS","","","","","","","","","","","","","","","","","","","","","","","","","","","","","","","0.892866497","","","","","","","","","","0.892866497","","","","","","","","","","0.892866497","","","","","","","","","","",
"Armenia","ARM","Land area where elevation is below 5 meters (% of total land area)","AG.LND.EL5M.ZS","","","","","","","","","","","","","","","","","","","","","","","","","","","","","","","","","","","","","","","","","","","","","","","","","","","","","","","","","","","","","",
"American Samoa","ASM","Land area where elevation is below 5 meters (% of total land area)","AG.LND.EL5M.ZS","","","","","","","","","","","","","","","","","","","","","","","","","","","","","","","3.555491658","","","","","","","","","","3.555491658","","","","","","","","","","3.555491658","","","","","","","","","","",
"Antigua and Barbuda","ATG","Land area where elevation is below 5 meters (% of total land area)","AG.LND.EL5M.ZS","","","","","","","","","","","","","","","","","","","","","","","","","","","","","","","13.209488904","","","","","","","","","","13.209488904","","","","","","","","","","13.209488904","","","","","","","","","","",
"Australia","AUS","Land area where elevation is below 5 meters (% of total land area)","AG.LND.EL5M.ZS","","","","","","","","","","","","","","","","","","","","","","","","","","","","","","","0.600587901","","","","","","","","","","0.600587901","","","","","","","","","","0.600587901","","","","","","","","","","",
"Austria","AUT","Land area where elevation is below 5 meters (% of total land area)","AG.LND.EL5M.ZS","","","","","","","","","","","","","","","","","","","","","","","","","","","","","","","","","","","","","","","","","","","","","","","","","","","","","","","","","","","","","",
"Azerbaijan","AZE","Land area where elevation is below 5 meters (% of total land area)","AG.LND.EL5M.ZS","","","","","","","","","","","","","","","","","","","","","","","","","","","","","","","","","","","","","","","","","","","","","","","","","","","","","","","","","","","","","",
"Burundi","BDI","Land area where elevation is below 5 meters (% of total land area)","AG.LND.EL5M.ZS","","","","","","","","","","","","","","","","","","","","","","","","","","","","","","","","","","","","","","","","","","","","","","","","","","","","","","","","","","","","","",
"Belgium","BEL","Land area where elevation is below 5 meters (% of total land area)","AG.LND.EL5M.ZS","","","","","","","","","","","","","","","","","","","","","","","","","","","","","","","7.691376838","","","","","","","","","","7.691376838","","","","","","","","","","7.691376838","","","","","","","","","","",
"Benin","BEN","Land area where elevation is below 5 meters (% of total land area)","AG.LND.EL5M.ZS","","","","","","","","","","","","","","","","","","","","","","","","","","","","","","","0.995495438","","","","","","","","","","0.995495438","","","","","","","","","","0.995495438","","","","","","","","","","",
"Burkina Faso","BFA","Land area where elevation is below 5 meters (% of total land area)","AG.LND.EL5M.ZS","","","","","","","","","","","","","","","","","","","","","","","","","","","","","","","","","","","","","","","","","","","","","","","","","","","","","","","","","","","","","",
"Bangladesh","BGD","Land area where elevation is below 5 meters (% of total land area)","AG.LND.EL5M.ZS","","","","","","","","","","","","","","","","","","","","","","","","","","","","","","","9.636463045","","","","","","","","","","9.636463045","","","","","","","","","","9.636463045","","","","","","","","","","",
"Bulgaria","BGR","Land area where elevation is below 5 meters (% of total land area)","AG.LND.EL5M.ZS","","","","","","","","","","","","","","","","","","","","","","","","","","","","","","","0.204312854","","","","","","","","","","0.204312854","","","","","","","","","","0.204312854","","","","","","","","","","",
"Bahrain","BHR","Land area where elevation is below 5 meters (% of total land area)","AG.LND.EL5M.ZS","","","","","","","","","","","","","","","","","","","","","","","","","","","","","","","33.97279383","","","","","","","","","","33.97279383","","","","","","","","","","33.97279383","","","","","","","","","","",
"Bahamas, The","BHS","Land area where elevation is below 5 meters (% of total land area)","AG.LND.EL5M.ZS","","","","","","","","","","","","","","","","","","","","","","","","","","","","","","","52.902805175","","","","","","","","","","52.902805175","","","","","","","","","","52.902805175","","","","","","","","","","",
"Bosnia and Herzegovina","BIH","Land area where elevation is below 5 meters (% of total land area)","AG.LND.EL5M.ZS","","","","","","","","","","","","","","","","","","","","","","","","","","","","","","","0.128200576","","","","","","","","","","0.128200576","","","","","","","","","","0.128200576","","","","","","","","","","",
"Belarus","BLR","Land area where elevation is below 5 meters (% of total land area)","AG.LND.EL5M.ZS","","","","","","","","","","","","","","","","","","","","","","","","","","","","","","","0","","","","","","","","","","0","","","","","","","","","","0","","","","","","","","","","",
"Belize","BLZ","Land area where elevation is below 5 meters (% of total land area)","AG.LND.EL5M.ZS","","","","","","","","","","","","","","","","","","","","","","","","","","","","","","","6.053948409","","","","","","","","","","6.053948409","","","","","","","","","","6.053948409","","","","","","","","","","",
"Bermuda","BMU","Land area where elevation is below 5 meters (% of total land area)","AG.LND.EL5M.ZS","","","","","","","","","","","","","","","","","","","","","","","","","","","","","","","11.883703844","","","","","","","","","","11.883703844","","","","","","","","","","11.883703844","","","","","","","","","","",
"Bolivia","BOL","Land area where elevation is below 5 meters (% of total land area)","AG.LND.EL5M.ZS","","","","","","","","","","","","","","","","","","","","","","","","","","","","","","","","","","","","","","","","","","","","","","","","","","","","","","","","","","","","","",
"Brazil","BRA","Land area where elevation is below 5 meters (% of total land area)","AG.LND.EL5M.ZS","","","","","","","","","","","","","","","","","","","","","","","","","","","","","","","0.607906215","","","","","","","","","","0.607906215","","","","","","","","","","0.607906215","","","","","","","","","","",
"Barbados","BRB","Land area where elevation is below 5 meters (% of total land area)","AG.LND.EL5M.ZS","","","","","","","","","","","","","","","","","","","","","","","","","","","","","","","0.715679583","","","","","","","","","","0.715679583","","","","","","","","","","0.715679583","","","","","","","","","","",
"Brunei Darussalam","BRN","Land area where elevation is below 5 meters (% of total land area)","AG.LND.EL5M.ZS","","","","","","","","","","","","","","","","","","","","","","","","","","","","","","","0.381050512","","","","","","","","","","0.381050512","","","","","","","","","","0.381050512","","","","","","","","","","",
"Bhutan","BTN","Land area where elevation is below 5 meters (% of total land area)","AG.LND.EL5M.ZS","","","","","","","","","","","","","","","","","","","","","","","","","","","","","","","","","","","","","","","","","","","","","","","","","","","","","","","","","","","","","",
"Botswana","BWA","Land area where elevation is below 5 meters (% of total land area)","AG.LND.EL5M.ZS","","","","","","","","","","","","","","","","","","","","","","","","","","","","","","","","","","","","","","","","","","","","","","","","","","","","","","","","","","","","","",
"Central African Republic","CAF","Land area where elevation is below 5 meters (% of total land area)","AG.LND.EL5M.ZS","","","","","","","","","","","","","","","","","","","","","","","","","","","","","","","","","","","","","","","","","","","","","","","","","","","","","","","","","","","","","",
"Canada","CAN","Land area where elevation is below 5 meters (% of total land area)","AG.LND.EL5M.ZS","","","","","","","","","","","","","","","","","","","","","","","","","","","","","","","1.738276447","","","","","","","","","","1.738276447","","","","","","","","","","1.738276447","","","","","","","","","","",
"Central Europe and the Baltics","CEB","Land area where elevation is below 5 meters (% of total land area)","AG.LND.EL5M.ZS","","","","","","","","","","","","","","","","","","","","","","","","","","","","","","","1.41345957041076","","","","","","","","","","1.41385199122997","","","","","","","","","","1.41703778637008","","","","","","","","","","",
"Switzerland","CHE","Land area where elevation is below 5 meters (% of total land area)","AG.LND.EL5M.ZS","","","","","","","","","","","","","","","","","","","","","","","","","","","","","","","0","","","","","","","","","","0","","","","","","","","","","0","","","","","","","","","","",
"Channel Islands","CHI","Land area where elevation is below 5 meters (% of total land area)","AG.LND.EL5M.ZS","","","","","","","","","","","","","","","","","","","","","","","","","","","","","","","","","","","","","","","","","","","","","","","","","","","","","","","","","","","","","",
"Chile","CHL","Land area where elevation is below 5 meters (% of total land area)","AG.LND.EL5M.ZS","","","","","","","","","","","","","","","","","","","","","","","","","","","","","","","0.505208634","","","","","","","","","","0.505208634","","","","","","","","","","0.505208634","","","","","","","","","","",
"China","CHN","Land area where elevation is below 5 meters (% of total land area)","AG.LND.EL5M.ZS","","","","","","","","","","","","","","","","","","","","","","","","","","","","","","","1.165879632","","","","","","","","","","1.165879632","","","","","","","","","","1.165879632","","","","","","","","","","",
"Cote d'Ivoire","CIV","Land area where elevation is below 5 meters (% of total land area)","AG.LND.EL5M.ZS","","","","","","","","","","","","","","","","","","","","","","","","","","","","","","","0.160747994","","","","","","","","","","0.160747994","","","","","","","","","","0.160747994","","","","","","","","","","",
"Cameroon","CMR","Land area where elevation is below 5 meters (% of total land area)","AG.LND.EL5M.ZS","","","","","","","","","","","","","","","","","","","","","","","","","","","","","","","0.036655692","","","","","","","","","","0.036655692","","","","","","","","","","0.036655692","","","","","","","","","","",
"Congo, Dem. Rep.","COD","Land area where elevation is below 5 meters (% of total land area)","AG.LND.EL5M.ZS","","","","","","","","","","","","","","","","","","","","","","","","","","","","","","","0.021736792","","","","","","","","","","0.021736792","","","","","","","","","","0.021736792","","","","","","","","","","",
"Congo, Rep.","COG","Land area where elevation is below 5 meters (% of total land area)","AG.LND.EL5M.ZS","","","","","","","","","","","","","","","","","","","","","","","","","","","","","","","0.012044516","","","","","","","","","","0.012044516","","","","","","","","","","0.012044516","","","","","","","","","","",
"Colombia","COL","Land area where elevation is below 5 meters (% of total land area)","AG.LND.EL5M.ZS","","","","","","","","","","","","","","","","","","","","","","","","","","","","","","","0.584928396","","","","","","","","","","0.584928396","","","","","","","","","","0.584928396","","","","","","","","","","",
"Comoros","COM","Land area where elevation is below 5 meters (% of total land area)","AG.LND.EL5M.ZS","","","","","","","","","","","","","","","","","","","","","","","","","","","","","","","0.805796199","","","","","","","","","","0.805796199","","","","","","","","","","0.805796199","","","","","","","","","","",
"Cabo Verde","CPV","Land area where elevation is below 5 meters (% of total land area)","AG.LND.EL5M.ZS","","","","","","","","","","","","","","","","","","","","","","","","","","","","","","","3.551398449","","","","","","","","","","3.551398449","","","","","","","","","","3.551398449","","","","","","","","","","",
"Costa Rica","CRI","Land area where elevation is below 5 meters (% of total land area)","AG.LND.EL5M.ZS","","","","","","","","","","","","","","","","","","","","","","","","","","","","","","","0.585764913","","","","","","","","","","0.585764913","","","","","","","","","","0.585764913","","","","","","","","","","",
"Caribbean small states","CSS","Land area where elevation is below 5 meters (% of total land area)","AG.LND.EL5M.ZS","","","","","","","","","","","","","","","","","","","","","","","","","","","","","","","3.99993328828867","","","","","","","","","","3.99993328828867","","","","","","","","","","3.99993328828867","","","","","","","","","","",
"Cuba","CUB","Land area where elevation is below 5 meters (% of total land area)","AG.LND.EL5M.ZS","","","","","","","","","","","","","","","","","","","","","","","","","","","","","","","8.486184035","","","","","","","","","","8.486184035","","","","","","","","","","8.486184035","","","","","","","","","","",
"Curacao","CUW","Land area where elevation is below 5 meters (% of total land area)","AG.LND.EL5M.ZS","","","","","","","","","","","","","","","","","","","","","","","","","","","","","","","","","","","","","","","","","","","","","","","","","","","","","","","","","","","","","",
"Cayman Islands","CYM","Land area where elevation is below 5 meters (% of total land area)","AG.LND.EL5M.ZS","","","","","","","","","","","","","","","","","","","","","","","","","","","","","","","11.743266655","","","","","","","","","","11.743266655","","","","","","","","","","11.743266655","","","","","","","","","","",
"Cyprus","CYP","Land area where elevation is below 5 meters (% of total land area)","AG.LND.EL5M.ZS","","","","","","","","","","","","","","","","","","","","","","","","","","","","","","","1.672016061","","","","","","","","","","1.672016061","","","","","","","","","","1.672016061","","","","","","","","","","",
"Czech Republic","CZE","Land area where elevation is below 5 meters (% of total land area)","AG.LND.EL5M.ZS","","","","","","","","","","","","","","","","","","","","","","","","","","","","","","","","","","","","","","","","","","","","","","","","","","","","","","","","","","","","","",
"Germany","DEU","Land area where elevation is below 5 meters (% of total land area)","AG.LND.EL5M.ZS","","","","","","","","","","","","","","","","","","","","","","","","","","","","","","","4.458668341","","","","","","","","","","4.458668341","","","","","","","","","","4.458668341","","","","","","","","","","",
"Djibouti","DJI","Land area where elevation is below 5 meters (% of total land area)","AG.LND.EL5M.ZS","","","","","","","","","","","","","","","","","","","","","","","","","","","","","","","0.71924231","","","","","","","","","","0.71924231","","","","","","","","","","0.71924231","","","","","","","","","","",
"Dominica","DMA","Land area where elevation is below 5 meters (% of total land area)","AG.LND.EL5M.ZS","","","","","","","","","","","","","","","","","","","","","","","","","","","","","","","0.838645036","","","","","","","","","","0.838645036","","","","","","","","","","0.838645036","","","","","","","","","","",
"Denmark","DNK","Land area where elevation is below 5 meters (% of total land area)","AG.LND.EL5M.ZS","","","","","","","","","","","","","","","","","","","","","","","","","","","","","","","14.450476913","","","","","","","","","","14.450476913","","","","","","","","","","14.450476913","","","","","","","","","","",
"Dominican Republic","DOM","Land area where elevation is below 5 meters (% of total land area)","AG.LND.EL5M.ZS","","","","","","","","","","","","","","","","","","","","","","","","","","","","","","","1.742664739","","","","","","","","","","1.742664739","","","","","","","","","","1.742664739","","","","","","","","","","",
"Algeria","DZA","Land area where elevation is below 5 meters (% of total land area)","AG.LND.EL5M.ZS","","","","","","","","","","","","","","","","","","","","","","","","","","","","","","","0.025005944","","","","","","","","","","0.025005944","","","","","","","","","","0.025005944","","","","","","","","","","",
"East Asia & Pacific (excluding high income)","EAP","Land area where elevation is below 5 meters (% of total land area)","AG.LND.EL5M.ZS","","","","","","","","","","","","","","","","","","","","","","","","","","","","","","","1.88597821180774","","","","","","","","","","1.87320759292212","","","","","","","","","","1.87224321188752","","","","","","","","","","",
"Early-demographic dividend","EAR","Land area where elevation is below 5 meters (% of total land area)","AG.LND.EL5M.ZS","","","","","","","","","","","","","","","","","","","","","","","","","","","","","","","1.08785629894001","","","","","","","","","","1.09135409046933","","","","","","","","","","1.08659708610176","","","","","","","","","","",
"East Asia & Pacific","EAS","Land area where elevation is below 5 meters (% of total land area)","AG.LND.EL5M.ZS","","","","","","","","","","","","","","","","","","","","","","","","","","","","","","","1.4806290158888","","","","","","","","","","1.47240607475676","","","","","","","","","","1.47184911656596","","","","","","","","","","",
"Europe & Central Asia (excluding high income)","ECA","Land area where elevation is below 5 meters (% of total land area)","AG.LND.EL5M.ZS","","","","","","","","","","","","","","","","","","","","","","","","","","","","","","","0.796773042961038","","","","","","","","","","0.796811824733786","","","","","","","","","","0.796916880783079","","","","","","","","","","",
"Europe & Central Asia","ECS","Land area where elevation is below 5 meters (% of total land area)","AG.LND.EL5M.ZS","","","","","","","","","","","","","","","","","","","","","","","","","","","","","","","1.2582259605972","","","","","","","","","","1.28413161932099","","","","","","","","","","1.28423557816428","","","","","","","","","","",
"Ecuador","ECU","Land area where elevation is below 5 meters (% of total land area)","AG.LND.EL5M.ZS","","","","","","","","","","","","","","","","","","","","","","","","","","","","","","","1.50710449","","","","","","","","","","1.50710449","","","","","","","","","","1.50710449","","","","","","","","","","",
"Egypt, Arab Rep.","EGY","Land area where elevation is below 5 meters (% of total land area)","AG.LND.EL5M.ZS","","","","","","","","","","","","","","","","","","","","","","","","","","","","","","","1.622988267","","","","","","","","","","1.622988267","","","","","","","","","","1.622988267","","","","","","","","","","",
"Euro area","EMU","Land area where elevation is below 5 meters (% of total land area)","AG.LND.EL5M.ZS","","","","","","","","","","","","","","","","","","","","","","","","","","","","","","","2.84839352884125","","","","","","","","","","2.84108195249437","","","","","","","","","","2.83999322322382","","","","","","","","","","",
"Eritrea","ERI","Land area where elevation is below 5 meters (% of total land area)","AG.LND.EL5M.ZS","","","","","","","","","","","","","","","","","","","","","","","","","","","","","","","1.205559922","","","","","","","","","","1.205559922","","","","","","","","","","1.205559922","","","","","","","","","","",
"Spain","ESP","Land area where elevation is below 5 meters (% of total land area)","AG.LND.EL5M.ZS","","","","","","","","","","","","","","","","","","","","","","","","","","","","","","","0.821902232","","","","","","","","","","0.821902232","","","","","","","","","","0.821902232","","","","","","","","","","",
"Estonia","EST","Land area where elevation is below 5 meters (% of total land area)","AG.LND.EL5M.ZS","","","","","","","","","","","","","","","","","","","","","","","","","","","","","","","1.808930466","","","","","","","","","","1.808930466","","","","","","","","","","1.808930466","","","","","","","","","","",
"Ethiopia","ETH","Land area where elevation is below 5 meters (% of total land area)","AG.LND.EL5M.ZS","","","","","","","","","","","","","","","","","","","","","","","","","","","","","","","0","","","","","","","","","","0","","","","","","","","","","0","","","","","","","","","","",
"European Union","EUU","Land area where elevation is below 5 meters (% of total land area)","AG.LND.EL5M.ZS","","","","","","","","","","","","","","","","","","","","","","","","","","","","","","","2.49985509472816","","","","","","","","","","2.49487431764681","","","","","","","","","","2.49538557988668","","","","","","","","","","",
"Fragile and conflict affected situations","FCS","Land area where elevation is below 5 meters (% of total land area)","AG.LND.EL5M.ZS","","","","","","","","","","","","","","","","","","","","","","","","","","","","","","","0.570445913181763","","","","","","","","","","0.575045042336819","","","","","","","","","","0.569632516175058","","","","","","","","","","",
"Finland","FIN","Land area where elevation is below 5 meters (% of total land area)","AG.LND.EL5M.ZS","","","","","","","","","","","","","","","","","","","","","","","","","","","","","","","0.528235978","","","","","","","","","","0.528235978","","","","","","","","","","0.528235978","","","","","","","","","","",
"Fiji","FJI","Land area where elevation is below 5 meters (% of total land area)","AG.LND.EL5M.ZS","","","","","","","","","","","","","","","","","","","","","","","","","","","","","","","3.09994895","","","","","","","","","","3.09994895","","","","","","","","","","3.09994895","","","","","","","","","","",
"France","FRA","Land area where elevation is below 5 meters (% of total land area)","AG.LND.EL5M.ZS","","","","","","","","","","","","","","","","","","","","","","","","","","","","","","","1.647373804","","","","","","","","","","1.647373804","","","","","","","","","","1.647373804","","","","","","","","","","",
"Faroe Islands","FRO","Land area where elevation is below 5 meters (% of total land area)","AG.LND.EL5M.ZS","","","","","","","","","","","","","","","","","","","","","","","","","","","","","","","7.702458211","","","","","","","","","","7.702458211","","","","","","","","","","7.702458211","","","","","","","","","","",
"Micronesia, Fed. Sts.","FSM","Land area where elevation is below 5 meters (% of total land area)","AG.LND.EL5M.ZS","","","","","","","","","","","","","","","","","","","","","","","","","","","","","","","7.165460626","","","","","","","","","","7.165460626","","","","","","","","","","7.165460626","","","","","","","","","","",
"Gabon","GAB","Land area where elevation is below 5 meters (% of total land area)","AG.LND.EL5M.ZS","","","","","","","","","","","","","","","","","","","","","","","","","","","","","","","0.322701521","","","","","","","","","","0.322701521","","","","","","","","","","0.322701521","","","","","","","","","","",
"United Kingdom","GBR","Land area where elevation is below 5 meters (% of total land area)","AG.LND.EL5M.ZS","","","","","","","","","","","","","","","","","","","","","","","","","","","","","","","4.238566763","","","","","","","","","","4.238566763","","","","","","","","","","4.238566763","","","","","","","","","","",
"Georgia","GEO","Land area where elevation is below 5 meters (% of total land area)","AG.LND.EL5M.ZS","","","","","","","","","","","","","","","","","","","","","","","","","","","","","","","1.284809797","","","","","","","","","","1.284809797","","","","","","","","","","1.284809797","","","","","","","","","","",
"Ghana","GHA","Land area where elevation is below 5 meters (% of total land area)","AG.LND.EL5M.ZS","","","","","","","","","","","","","","","","","","","","","","","","","","","","","","","0.562210066","","","","","","","","","","0.562210066","","","","","","","","","","0.562210066","","","","","","","","","","",
"Gibraltar","GIB","Land area where elevation is below 5 meters (% of total land area)","AG.LND.EL5M.ZS","","","","","","","","","","","","","","","","","","","","","","","","","","","","","","","29.08248377","","","","","","","","","","29.08248377","","","","","","","","","","29.08248377","","","","","","","","","","",
"Guinea","GIN","Land area where elevation is below 5 meters (% of total land area)","AG.LND.EL5M.ZS","","","","","","","","","","","","","","","","","","","","","","","","","","","","","","","0.939142015","","","","","","","","","","0.939142015","","","","","","","","","","0.939142015","","","","","","","","","","",
"Gambia, The","GMB","Land area where elevation is below 5 meters (% of total land area)","AG.LND.EL5M.ZS","","","","","","","","","","","","","","","","","","","","","","","","","","","","","","","16.778001279","","","","","","","","","","16.778001279","","","","","","","","","","16.778001279","","","","","","","","","","",
"Guinea-Bissau","GNB","Land area where elevation is below 5 meters (% of total land area)","AG.LND.EL5M.ZS","","","","","","","","","","","","","","","","","","","","","","","","","","","","","","","6.524519474","","","","","","","","","","6.524519474","","","","","","","","","","6.524519474","","","","","","","","","","",
"Equatorial Guinea","GNQ","Land area where elevation is below 5 meters (% of total land area)","AG.LND.EL5M.ZS","","","","","","","","","","","","","","","","","","","","","","","","","","","","","","","0.251076091","","","","","","","","","","0.251076091","","","","","","","","","","0.251076091","","","","","","","","","","",
"Greece","GRC","Land area where elevation is below 5 meters (% of total land area)","AG.LND.EL5M.ZS","","","","","","","","","","","","","","","","","","","","","","","","","","","","","","","3.060864498","","","","","","","","","","3.060864498","","","","","","","","","","3.060864498","","","","","","","","","","",
"Grenada","GRD","Land area where elevation is below 5 meters (% of total land area)","AG.LND.EL5M.ZS","","","","","","","","","","","","","","","","","","","","","","","","","","","","","","","1.832331562","","","","","","","","","","1.832331562","","","","","","","","","","1.832331562","","","","","","","","","","",
"Greenland","GRL","Land area where elevation is below 5 meters (% of total land area)","AG.LND.EL5M.ZS","","","","","","","","","","","","","","","","","","","","","","","","","","","","","","","10.139427147","","","","","","","","","","10.139427147","","","","","","","","","","10.139427147","","","","","","","","","","",
"Guatemala","GTM","Land area where elevation is below 5 meters (% of total land area)","AG.LND.EL5M.ZS","","","","","","","","","","","","","","","","","","","","","","","","","","","","","","","0.392207128","","","","","","","","","","0.392207128","","","","","","","","","","0.392207128","","","","","","","","","","",
"Guam","GUM","Land area where elevation is below 5 meters (% of total land area)","AG.LND.EL5M.ZS","","","","","","","","","","","","","","","","","","","","","","","","","","","","","","","1.58750854","","","","","","","","","","1.58750854","","","","","","","","","","1.58750854","","","","","","","","","","",
"Guyana","GUY","Land area where elevation is below 5 meters (% of total land area)","AG.LND.EL5M.ZS","","","","","","","","","","","","","","","","","","","","","","","","","","","","","","","2.375600858","","","","","","","","","","2.375600858","","","","","","","","","","2.375600858","","","","","","","","","","",
"High income","HIC","Land area where elevation is below 5 meters (% of total land area)","AG.LND.EL5M.ZS","","","","","","","","","","","","","","","","","","","","","","","","","","","","","","","1.45300107122947","","","","","","","","","","1.46971708389894","","","","","","","","","","1.46986244860022","","","","","","","","","","",
"Hong Kong SAR, China","HKG","Land area where elevation is below 5 meters (% of total land area)","AG.LND.EL5M.ZS","","","","","","","","","","","","","","","","","","","","","","","","","","","","","","","10.051074678","","","","","","","","","","10.051074678","","","","","","","","","","10.051074678","","","","","","","","","","",
"Honduras","HND","Land area where elevation is below 5 meters (% of total land area)","AG.LND.EL5M.ZS","","","","","","","","","","","","","","","","","","","","","","","","","","","","","","","2.026348052","","","","","","","","","","2.026348052","","","","","","","","","","2.026348052","","","","","","","","","","",
"Heavily indebted poor countries (HIPC)","HPC","Land area where elevation is below 5 meters (% of total land area)","AG.LND.EL5M.ZS","","","","","","","","","","","","","","","","","","","","","","","","","","","","","","","0.444573206823218","","","","","","","","","","0.44784904729997","","","","","","","","","","0.443665395348498","","","","","","","","","","",
"Croatia","HRV","Land area where elevation is below 5 meters (% of total land area)","AG.LND.EL5M.ZS","","","","","","","","","","","","","","","","","","","","","","","","","","","","","","","1.006021864","","","","","","","","","","1.006021864","","","","","","","","","","1.006021864","","","","","","","","","","",
"Haiti","HTI","Land area where elevation is below 5 meters (% of total land area)","AG.LND.EL5M.ZS","","","","","","","","","","","","","","","","","","","","","","","","","","","","","","","1.595681828","","","","","","","","","","1.595681828","","","","","","","","","","1.595681828","","","","","","","","","","",
"Hungary","HUN","Land area where elevation is below 5 meters (% of total land area)","AG.LND.EL5M.ZS","","","","","","","","","","","","","","","","","","","","","","","","","","","","","","","","","","","","","","","","","","","","","","","","","","","","","","","","","","","","","",
"IBRD only","IBD","Land area where elevation is below 5 meters (% of total land area)","AG.LND.EL5M.ZS","","","","","","","","","","","","","","","","","","","","","","","","","","","","","","","1.02681868639523","","","","","","","","","","1.02341218045001","","","","","","","","","","1.02313072590782","","","","","","","","","","",
"IDA & IBRD total","IBT","Land area where elevation is below 5 meters (% of total land area)","AG.LND.EL5M.ZS","","","","","","","","","","","","","","","","","","","","","","","","","","","","","","","0.949268727823394","","","","","","","","","","0.947884863928779","","","","","","","","","","0.946166461567062","","","","","","","","","","",
"IDA total","IDA","Land area where elevation is below 5 meters (% of total land area)","AG.LND.EL5M.ZS","","","","","","","","","","","","","","","","","","","","","","","","","","","","","","","0.680968078775849","","","","","","","","","","0.685369518635605","","","","","","","","","","0.680555288724822","","","","","","","","","","",
"IDA blend","IDB","Land area where elevation is below 5 meters (% of total land area)","AG.LND.EL5M.ZS","","","","","","","","","","","","","","","","","","","","","","","","","","","","","","","0.57515158492321","","","","","","","","","","0.57515158492321","","","","","","","","","","0.57515158492321","","","","","","","","","","",
"Indonesia","IDN","Land area where elevation is below 5 meters (% of total land area)","AG.LND.EL5M.ZS","","","","","","","","","","","","","","","","","","","","","","","","","","","","","","","2.778554674","","","","","","","","","","2.778554674","","","","","","","","","","2.778554674","","","","","","","","","","",
"IDA only","IDX","Land area where elevation is below 5 meters (% of total land area)","AG.LND.EL5M.ZS","","","","","","","","","","","","","","","","","","","","","","","","","","","","","","","0.70612089670519","","","","","","","","","","0.711745032862623","","","","","","","","","","0.705562020502702","","","","","","","","","","",
"Isle of Man","IMN","Land area where elevation is below 5 meters (% of total land area)","AG.LND.EL5M.ZS","","","","","","","","","","","","","","","","","","","","","","","","","","","","","","","1.948839739","","","","","","","","","","1.948839739","","","","","","","","","","1.948839739","","","","","","","","","","",
"India","IND","Land area where elevation is below 5 meters (% of total land area)","AG.LND.EL5M.ZS","","","","","","","","","","","","","","","","","","","","","","","","","","","","","","","1.494053499","","","","","","","","","","1.494053499","","","","","","","","","","1.494053499","","","","","","","","","","",
"Not classified","INX","Land area where elevation is below 5 meters (% of total land area)","AG.LND.EL5M.ZS","","","","","","","","","","","","","","","","","","","","","","","","","","","","","","","","","","","","","","","","","","","","","","","","","","","","","","","","","","","","","",
"Ireland","IRL","Land area where elevation is below 5 meters (% of total land area)","AG.LND.EL5M.ZS","","","","","","","","","","","","","","","","","","","","","","","","","","","","","","","2.069538435","","","","","","","","","","2.069538435","","","","","","","","","","2.069538435","","","","","","","","","","",
"Iran, Islamic Rep.","IRN","Land area where elevation is below 5 meters (% of total land area)","AG.LND.EL5M.ZS","","","","","","","","","","","","","","","","","","","","","","","","","","","","","","","0.844881597","","","","","","","","","","0.844881597","","","","","","","","","","0.844881597","","","","","","","","","","",
"Iraq","IRQ","Land area where elevation is below 5 meters (% of total land area)","AG.LND.EL5M.ZS","","","","","","","","","","","","","","","","","","","","","","","","","","","","","","","3.193463534","","","","","","","","","","3.193463534","","","","","","","","","","3.193463534","","","","","","","","","","",
"Iceland","ISL","Land area where elevation is below 5 meters (% of total land area)","AG.LND.EL5M.ZS","","","","","","","","","","","","","","","","","","","","","","","","","","","","","","","2.246048775","","","","","","","","","","2.246048775","","","","","","","","","","2.246048775","","","","","","","","","","",
"Israel","ISR","Land area where elevation is below 5 meters (% of total land area)","AG.LND.EL5M.ZS","","","","","","","","","","","","","","","","","","","","","","","","","","","","","","","0.410489234","","","","","","","","","","0.410489234","","","","","","","","","","0.410489234","","","","","","","","","","",
"Italy","ITA","Land area where elevation is below 5 meters (% of total land area)","AG.LND.EL5M.ZS","","","","","","","","","","","","","","","","","","","","","","","","","","","","","","","3.876596966","","","","","","","","","","3.876596966","","","","","","","","","","3.876596966","","","","","","","","","","",
"Jamaica","JAM","Land area where elevation is below 5 meters (% of total land area)","AG.LND.EL5M.ZS","","","","","","","","","","","","","","","","","","","","","","","","","","","","","","","3.598627098","","","","","","","","","","3.598627098","","","","","","","","","","3.598627098","","","","","","","","","","",
"Jordan","JOR","Land area where elevation is below 5 meters (% of total land area)","AG.LND.EL5M.ZS","","","","","","","","","","","","","","","","","","","","","","","","","","","","","","","0.000608159","","","","","","","","","","0.000608159","","","","","","","","","","0.000608159","","","","","","","","","","",
"Japan","JPN","Land area where elevation is below 5 meters (% of total land area)","AG.LND.EL5M.ZS","","","","","","","","","","","","","","","","","","","","","","","","","","","","","","","3.435795752","","","","","","","","","","3.435795752","","","","","","","","","","3.435795752","","","","","","","","","","",
"Kazakhstan","KAZ","Land area where elevation is below 5 meters (% of total land area)","AG.LND.EL5M.ZS","","","","","","","","","","","","","","","","","","","","","","","","","","","","","","","","","","","","","","","","","","","","","","","","","","","","","","","","","","","","","",
"Kenya","KEN","Land area where elevation is below 5 meters (% of total land area)","AG.LND.EL5M.ZS","","","","","","","","","","","","","","","","","","","","","","","","","","","","","","","0.240780521","","","","","","","","","","0.240780521","","","","","","","","","","0.240780521","","","","","","","","","","",
"Kyrgyz Republic","KGZ","Land area where elevation is below 5 meters (% of total land area)","AG.LND.EL5M.ZS","","","","","","","","","","","","","","","","","","","","","","","","","","","","","","","","","","","","","","","","","","","","","","","","","","","","","","","","","","","","","",
"Cambodia","KHM","Land area where elevation is below 5 meters (% of total land area)","AG.LND.EL5M.ZS","","","","","","","","","","","","","","","","","","","","","","","","","","","","","","","2.695477988","","","","","","","","","","2.695477988","","","","","","","","","","2.695477988","","","","","","","","","","",
"Kiribati","KIR","Land area where elevation is below 5 meters (% of total land area)","AG.LND.EL5M.ZS","","","","","","","","","","","","","","","","","","","","","","","","","","","","","","","54.63695385","","","","","","","","","","54.63695385","","","","","","","","","","54.63695385","","","","","","","","","","",
"St. Kitts and Nevis","KNA","Land area where elevation is below 5 meters (% of total land area)","AG.LND.EL5M.ZS","","","","","","","","","","","","","","","","","","","","","","","","","","","","","","","3.7516176","","","","","","","","","","3.7516176","","","","","","","","","","3.7516176","","","","","","","","","","",
"Korea, Rep.","KOR","Land area where elevation is below 5 meters (% of total land area)","AG.LND.EL5M.ZS","","","","","","","","","","","","","","","","","","","","","","","","","","","","","","","2.947424446","","","","","","","","","","2.947424446","","","","","","","","","","2.947424446","","","","","","","","","","",
"Kuwait","KWT","Land area where elevation is below 5 meters (% of total land area)","AG.LND.EL5M.ZS","","","","","","","","","","","","","","","","","","","","","","","","","","","","","","","8.181655022","","","","","","","","","","8.181655022","","","","","","","","","","8.181655022","","","","","","","","","","",
"Latin America & Caribbean (excluding high income)","LAC","Land area where elevation is below 5 meters (% of total land area)","AG.LND.EL5M.ZS","","","","","","","","","","","","","","","","","","","","","","","","","","","","","","","0.962057650336795","","","","","","","","","","0.961130021915999","","","","","","","","","","0.960698298101763","","","","","","","","","","",
"Lao PDR","LAO","Land area where elevation is below 5 meters (% of total land area)","AG.LND.EL5M.ZS","","","","","","","","","","","","","","","","","","","","","","","","","","","","","","","0","","","","","","","","","","0","","","","","","","","","","0","","","","","","","","","","",
"Lebanon","LBN","Land area where elevation is below 5 meters (% of total land area)","AG.LND.EL5M.ZS","","","","","","","","","","","","","","","","","","","","","","","","","","","","","","","0.433024162","","","","","","","","","","0.433024162","","","","","","","","","","0.433024162","","","","","","","","","","",
"Liberia","LBR","Land area where elevation is below 5 meters (% of total land area)","AG.LND.EL5M.ZS","","","","","","","","","","","","","","","","","","","","","","","","","","","","","","","0.301642932","","","","","","","","","","0.301642932","","","","","","","","","","0.301642932","","","","","","","","","","",
"Libya","LBY","Land area where elevation is below 5 meters (% of total land area)","AG.LND.EL5M.ZS","","","","","","","","","","","","","","","","","","","","","","","","","","","","","","","0.529163592","","","","","","","","","","0.529163592","","","","","","","","","","0.529163592","","","","","","","","","","",
"St. Lucia","LCA","Land area where elevation is below 5 meters (% of total land area)","AG.LND.EL5M.ZS","","","","","","","","","","","","","","","","","","","","","","","","","","","","","","","1.561104212","","","","","","","","","","1.561104212","","","","","","","","","","1.561104212","","","","","","","","","","",
"Latin America & Caribbean","LCN","Land area where elevation is below 5 meters (% of total land area)","AG.LND.EL5M.ZS","","","","","","","","","","","","","","","","","","","","","","","","","","","","","","","1.00688771078083","","","","","","","","","","1.0061202034182","","","","","","","","","","1.00573331715589","","","","","","","","","","",
"Least developed countries: UN classification","LDC","Land area where elevation is below 5 meters (% of total land area)","AG.LND.EL5M.ZS","","","","","","","","","","","","","","","","","","","","","","","","","","","","","","","0.62888636000025","","","","","","","","","","0.633131353907165","","","","","","","","","","0.627653739128537","","","","","","","","","","",
"Low income","LIC","Land area where elevation is below 5 meters (% of total land area)","AG.LND.EL5M.ZS","","","","","","","","","","","","","","","","","","","","","","","","","","","","","","","0.310192565785785","","","","","","","","","","0.313176850562209","","","","","","","","","","0.30937190598727","","","","","","","","","","",
"Liechtenstein","LIE","Land area where elevation is below 5 meters (% of total land area)","AG.LND.EL5M.ZS","","","","","","","","","","","","","","","","","","","","","","","","","","","","","","","","","","","","","","","","","","","","","","","","","","","","","","","","","","","","","",
"Sri Lanka","LKA","Land area where elevation is below 5 meters (% of total land area)","AG.LND.EL5M.ZS","","","","","","","","","","","","","","","","","","","","","","","","","","","","","","","2.134193","","","","","","","","","","2.134193","","","","","","","","","","2.134193","","","","","","","","","","",
"Lower middle income","LMC","Land area where elevation is below 5 meters (% of total land area)","AG.LND.EL5M.ZS","","","","","","","","","","","","","","","","","","","","","","","","","","","","","","","1.38791682833883","","","","","","","","","","1.37837833526324","","","","","","","","","","1.3776802615367","","","","","","","","","","",
"Low & middle income","LMY","Land area where elevation is below 5 meters (% of total land area)","AG.LND.EL5M.ZS","","","","","","","","","","","","","","","","","","","","","","","","","","","","","","","0.956675987171284","","","","","","","","","","0.955266920263953","","","","","","","","","","0.953406691029622","","","","","","","","","","",
"Lesotho","LSO","Land area where elevation is below 5 meters (% of total land area)","AG.LND.EL5M.ZS","","","","","","","","","","","","","","","","","","","","","","","","","","","","","","","","","","","","","","","","","","","","","","","","","","","","","","","","","","","","","",
"Late-demographic dividend","LTE","Land area where elevation is below 5 meters (% of total land area)","AG.LND.EL5M.ZS","","","","","","","","","","","","","","","","","","","","","","","","","","","","","","","1.04773800199522","","","","","","","","","","1.04260939050301","","","","","","","","","","1.04229987424078","","","","","","","","","","",
"Lithuania","LTU","Land area where elevation is below 5 meters (% of total land area)","AG.LND.EL5M.ZS","","","","","","","","","","","","","","","","","","","","","","","","","","","","","","","1.219360815","","","","","","","","","","1.219360815","","","","","","","","","","1.219360815","","","","","","","","","","",
"Luxembourg","LUX","Land area where elevation is below 5 meters (% of total land area)","AG.LND.EL5M.ZS","","","","","","","","","","","","","","","","","","","","","","","","","","","","","","","0","","","","","","","","","","0","","","","","","","","","","0","","","","","","","","","","",
"Latvia","LVA","Land area where elevation is below 5 meters (% of total land area)","AG.LND.EL5M.ZS","","","","","","","","","","","","","","","","","","","","","","","","","","","","","","","1.905865558","","","","","","","","","","1.905865558","","","","","","","","","","1.905865558","","","","","","","","","","",
"Macao SAR, China","MAC","Land area where elevation is below 5 meters (% of total land area)","AG.LND.EL5M.ZS","","","","","","","","","","","","","","","","","","","","","","","","","","","","","","","37.49866585","","","","","","","","","","37.49866585","","","","","","","","","","37.49866585","","","","","","","","","","",
"St. Martin (French part)","MAF","Land area where elevation is below 5 meters (% of total land area)","AG.LND.EL5M.ZS","","","","","","","","","","","","","","","","","","","","","","","","","","","","","","","","","","","","","","","","","","","","","","","","","","","","","","","","","","","","","",
"Morocco","MAR","Land area where elevation is below 5 meters (% of total land area)","AG.LND.EL5M.ZS","","","","","","","","","","","","","","","","","","","","","","","","","","","","","","","0.205398451","","","","","","","","","","0.205398451","","","","","","","","","","0.205398451","","","","","","","","","","",
"Monaco","MCO","Land area where elevation is below 5 meters (% of total land area)","AG.LND.EL5M.ZS","","","","","","","","","","","","","","","","","","","","","","","","","","","","","","","25.25812405","","","","","","","","","","25.25812405","","","","","","","","","","25.25812405","","","","","","","","","","",
"Moldova","MDA","Land area where elevation is below 5 meters (% of total land area)","AG.LND.EL5M.ZS","","","","","","","","","","","","","","","","","","","","","","","","","","","","","","","1.020387316","","","","","","","","","","1.020387316","","","","","","","","","","1.020387316","","","","","","","","","","",
"Madagascar","MDG","Land area where elevation is below 5 meters (% of total land area)","AG.LND.EL5M.ZS","","","","","","","","","","","","","","","","","","","","","","","","","","","","","","","0.748541989","","","","","","","","","","0.748541989","","","","","","","","","","0.748541989","","","","","","","","","","",
"Maldives","MDV","Land area where elevation is below 5 meters (% of total land area)","AG.LND.EL5M.ZS","","","","","","","","","","","","","","","","","","","","","","","","","","","","","","","45.50767853","","","","","","","","","","45.50767853","","","","","","","","","","45.50767853","","","","","","","","","","",
"Middle East & North Africa","MEA","Land area where elevation is below 5 meters (% of total land area)","AG.LND.EL5M.ZS","","","","","","","","","","","","","","","","","","","","","","","","","","","","","","","0.697420514855639","","","","","","","","","","0.697479796224422","","","","","","","","","","0.696931131393485","","","","","","","","","","",
"Mexico","MEX","Land area where elevation is below 5 meters (% of total land area)","AG.LND.EL5M.ZS","","","","","","","","","","","","","","","","","","","","","","","","","","","","","","","2.16731636","","","","","","","","","","2.16731636","","","","","","","","","","2.16731636","","","","","","","","","","",
"Marshall Islands","MHL","Land area where elevation is below 5 meters (% of total land area)","AG.LND.EL5M.ZS","","","","","","","","","","","","","","","","","","","","","","","","","","","","","","","43.81798241","","","","","","","","","","43.81798241","","","","","","","","","","43.81798241","","","","","","","","","","",
"Middle income","MIC","Land area where elevation is below 5 meters (% of total land area)","AG.LND.EL5M.ZS","","","","","","","","","","","","","","","","","","","","","","","","","","","","","","","1.0544700286165","","","","","","","","","","1.05153985248885","","","","","","","","","","1.05117430064377","","","","","","","","","","",
"North Macedonia","MKD","Land area where elevation is below 5 meters (% of total land area)","AG.LND.EL5M.ZS","","","","","","","","","","","","","","","","","","","","","","","","","","","","","","","0","","","","","","","","","","0","","","","","","","","","","0","","","","","","","","","","",
"Mali","MLI","Land area where elevation is below 5 meters (% of total land area)","AG.LND.EL5M.ZS","","","","","","","","","","","","","","","","","","","","","","","","","","","","","","","0","","","","","","","","","","0","","","","","","","","","","0","","","","","","","","","","",
"Malta","MLT","Land area where elevation is below 5 meters (% of total land area)","AG.LND.EL5M.ZS","","","","","","","","","","","","","","","","","","","","","","","","","","","","","","","2.734736378","","","","","","","","","","2.734736378","","","","","","","","","","2.734736378","","","","","","","","","","",
"Myanmar","MMR","Land area where elevation is below 5 meters (% of total land area)","AG.LND.EL5M.ZS","","","","","","","","","","","","","","","","","","","","","","","","","","","","","","","3.608969789","","","","","","","","","","3.608969789","","","","","","","","","","3.608969789","","","","","","","","","","",
"Middle East & North Africa (excluding high income)","MNA","Land area where elevation is below 5 meters (% of total land area)","AG.LND.EL5M.ZS","","","","","","","","","","","","","","","","","","","","","","","","","","","","","","","0.696130129735676","","","","","","","","","","0.696130129735676","","","","","","","","","","0.695216847897448","","","","","","","","","","",
"Montenegro","MNE","Land area where elevation is below 5 meters (% of total land area)","AG.LND.EL5M.ZS","","","","","","","","","","","","","","","","","","","","","","","","","","","","","","","","","","","","","","","","","","","","","","","","","","","","","","","","","","","","","",
"Mongolia","MNG","Land area where elevation is below 5 meters (% of total land area)","AG.LND.EL5M.ZS","","","","","","","","","","","","","","","","","","","","","","","","","","","","","","","","","","","","","","","","","","","","","","","","","","","","","","","","","","","","","",
"Northern Mariana Islands","MNP","Land area where elevation is below 5 meters (% of total land area)","AG.LND.EL5M.ZS","","","","","","","","","","","","","","","","","","","","","","","","","","","","","","","3.097501401","","","","","","","","","","3.097501401","","","","","","","","","","3.097501401","","","","","","","","","","",
"Mozambique","MOZ","Land area where elevation is below 5 meters (% of total land area)","AG.LND.EL5M.ZS","","","","","","","","","","","","","","","","","","","","","","","","","","","","","","","1.340483109","","","","","","","","","","1.340483109","","","","","","","","","","1.340483109","","","","","","","","","","",
"Mauritania","MRT","Land area where elevation is below 5 meters (% of total land area)","AG.LND.EL5M.ZS","","","","","","","","","","","","","","","","","","","","","","","","","","","","","","","1.084070035","","","","","","","","","","1.084070035","","","","","","","","","","1.084070035","","","","","","","","","","",
"Mauritius","MUS","Land area where elevation is below 5 meters (% of total land area)","AG.LND.EL5M.ZS","","","","","","","","","","","","","","","","","","","","","","","","","","","","","","","1.311377474","","","","","","","","","","1.311377474","","","","","","","","","","1.311377474","","","","","","","","","","",
"Malawi","MWI","Land area where elevation is below 5 meters (% of total land area)","AG.LND.EL5M.ZS","","","","","","","","","","","","","","","","","","","","","","","","","","","","","","","0","","","","","","","","","","0","","","","","","","","","","0","","","","","","","","","","",
"Malaysia","MYS","Land area where elevation is below 5 meters (% of total land area)","AG.LND.EL5M.ZS","","","","","","","","","","","","","","","","","","","","","","","","","","","","","","","1.327918026","","","","","","","","","","1.327918026","","","","","","","","","","1.327918026","","","","","","","","","","",
"North America","NAC","Land area where elevation is below 5 meters (% of total land area)","AG.LND.EL5M.ZS","","","","","","","","","","","","","","","","","","","","","","","","","","","","","","","1.44996508319599","","","","","","","","","","1.44991898951533","","","","","","","","","","1.450144930119","","","","","","","","","","",
"Namibia","NAM","Land area where elevation is below 5 meters (% of total land area)","AG.LND.EL5M.ZS","","","","","","","","","","","","","","","","","","","","","","","","","","","","","","","0.195345682","","","","","","","","","","0.195345682","","","","","","","","","","0.195345682","","","","","","","","","","",
"New Caledonia","NCL","Land area where elevation is below 5 meters (% of total land area)","AG.LND.EL5M.ZS","","","","","","","","","","","","","","","","","","","","","","","","","","","","","","","2.912721692","","","","","","","","","","2.912721692","","","","","","","","","","2.912721692","","","","","","","","","","",
"Niger","NER","Land area where elevation is below 5 meters (% of total land area)","AG.LND.EL5M.ZS","","","","","","","","","","","","","","","","","","","","","","","","","","","","","","","","","","","","","","","","","","","","","","","","","","","","","","","","","","","","","",
"Nigeria","NGA","Land area where elevation is below 5 meters (% of total land area)","AG.LND.EL5M.ZS","","","","","","","","","","","","","","","","","","","","","","","","","","","","","","","0.448578879","","","","","","","","","","0.448578879","","","","","","","","","","0.448578879","","","","","","","","","","",
"Nicaragua","NIC","Land area where elevation is below 5 meters (% of total land area)","AG.LND.EL5M.ZS","","","","","","","","","","","","","","","","","","","","","","","","","","","","","","","3.007701258","","","","","","","","","","3.007701258","","","","","","","","","","3.007701258","","","","","","","","","","",
"Netherlands","NLD","Land area where elevation is below 5 meters (% of total land area)","AG.LND.EL5M.ZS","","","","","","","","","","","","","","","","","","","","","","","","","","","","","","","55.55545375","","","","","","","","","","55.55545375","","","","","","","","","","55.55545375","","","","","","","","","","",
"Norway","NOR","Land area where elevation is below 5 meters (% of total land area)","AG.LND.EL5M.ZS","","","","","","","","","","","","","","","","","","","","","","","","","","","","","","","1.974102997","","","","","","","","","","1.974102997","","","","","","","","","","1.974102997","","","","","","","","","","",
"Nepal","NPL","Land area where elevation is below 5 meters (% of total land area)","AG.LND.EL5M.ZS","","","","","","","","","","","","","","","","","","","","","","","","","","","","","","","","","","","","","","","","","","","","","","","","","","","","","","","","","","","","","",
"Nauru","NRU","Land area where elevation is below 5 meters (% of total land area)","AG.LND.EL5M.ZS","","","","","","","","","","","","","","","","","","","","","","","","","","","","","","","7.626450891","","","","","","","","","","7.626450891","","","","","","","","","","7.626450891","","","","","","","","","","",
"New Zealand","NZL","Land area where elevation is below 5 meters (% of total land area)","AG.LND.EL5M.ZS","","","","","","","","","","","","","","","","","","","","","","","","","","","","","","","0.947485319","","","","","","","","","","0.947485319","","","","","","","","","","0.947485319","","","","","","","","","","",
"OECD members","OED","Land area where elevation is below 5 meters (% of total land area)","AG.LND.EL5M.ZS","","","","","","","","","","","","","","","","","","","","","","","","","","","","","","","1.39006550172273","","","","","","","","","","1.38949705800788","","","","","","","","","","1.38954546796331","","","","","","","","","","",
"Oman","OMN","Land area where elevation is below 5 meters (% of total land area)","AG.LND.EL5M.ZS","","","","","","","","","","","","","","","","","","","","","","","","","","","","","","","0.813482991","","","","","","","","","","0.813482991","","","","","","","","","","0.813482991","","","","","","","","","","",
"Other small states","OSS","Land area where elevation is below 5 meters (% of total land area)","AG.LND.EL5M.ZS","","","","","","","","","","","","","","","","","","","","","","","","","","","","","","","0.836438834580797","","","","","","","","","","0.836918379744195","","","","","","","","","","0.838165132213845","","","","","","","","","","",
"Pakistan","PAK","Land area where elevation is below 5 meters (% of total land area)","AG.LND.EL5M.ZS","","","","","","","","","","","","","","","","","","","","","","","","","","","","","","","1.534015255","","","","","","","","","","1.534015255","","","","","","","","","","1.534015255","","","","","","","","","","",
"Panama","PAN","Land area where elevation is below 5 meters (% of total land area)","AG.LND.EL5M.ZS","","","","","","","","","","","","","","","","","","","","","","","","","","","","","","","1.681324326","","","","","","","","","","1.681324326","","","","","","","","","","1.681324326","","","","","","","","","","",
"Peru","PER","Land area where elevation is below 5 meters (% of total land area)","AG.LND.EL5M.ZS","","","","","","","","","","","","","","","","","","","","","","","","","","","","","","","0.321878305","","","","","","","","","","0.321878305","","","","","","","","","","0.321878305","","","","","","","","","","",
"Philippines","PHL","Land area where elevation is below 5 meters (% of total land area)","AG.LND.EL5M.ZS","","","","","","","","","","","","","","","","","","","","","","","","","","","","","","","2.631697455","","","","","","","","","","2.631697455","","","","","","","","","","2.631697455","","","","","","","","","","",
"Palau","PLW","Land area where elevation is below 5 meters (% of total land area)","AG.LND.EL5M.ZS","","","","","","","","","","","","","","","","","","","","","","","","","","","","","","","1.973126212","","","","","","","","","","1.973126212","","","","","","","","","","1.973126212","","","","","","","","","","",
"Papua New Guinea","PNG","Land area where elevation is below 5 meters (% of total land area)","AG.LND.EL5M.ZS","","","","","","","","","","","","","","","","","","","","","","","","","","","","","","","0.467637202","","","","","","","","","","0.467637202","","","","","","","","","","0.467637202","","","","","","","","","","",
"Poland","POL","Land area where elevation is below 5 meters (% of total land area)","AG.LND.EL5M.ZS","","","","","","","","","","","","","","","","","","","","","","","","","","","","","","","1.169771807","","","","","","","","","","1.169771807","","","","","","","","","","1.169771807","","","","","","","","","","",
"Pre-demographic dividend","PRE","Land area where elevation is below 5 meters (% of total land area)","AG.LND.EL5M.ZS","","","","","","","","","","","","","","","","","","","","","","","","","","","","","","","0.461347117232715","","","","","","","","","","0.461347117232715","","","","","","","","","","0.460799821659664","","","","","","","","","","",
"Puerto Rico","PRI","Land area where elevation is below 5 meters (% of total land area)","AG.LND.EL5M.ZS","","","","","","","","","","","","","","","","","","","","","","","","","","","","","","","5.694355895","","","","","","","","","","5.694355895","","","","","","","","","","5.694355895","","","","","","","","","","",
"Korea, Dem. People's Rep.","PRK","Land area where elevation is below 5 meters (% of total land area)","AG.LND.EL5M.ZS","","","","","","","","","","","","","","","","","","","","","","","","","","","","","","","1.80829975","","","","","","","","","","1.80829975","","","","","","","","","","1.80829975","","","","","","","","","","",
"Portugal","PRT","Land area where elevation is below 5 meters (% of total land area)","AG.LND.EL5M.ZS","","","","","","","","","","","","","","","","","","","","","","","","","","","","","","","1.437475134","","","","","","","","","","1.437475134","","","","","","","","","","1.437475134","","","","","","","","","","",
"Paraguay","PRY","Land area where elevation is below 5 meters (% of total land area)","AG.LND.EL5M.ZS","","","","","","","","","","","","","","","","","","","","","","","","","","","","","","","","","","","","","","","","","","","","","","","","","","","","","","","","","","","","","",
"West Bank and Gaza","PSE","Land area where elevation is below 5 meters (% of total land area)","AG.LND.EL5M.ZS","","","","","","","","","","","","","","","","","","","","","","","","","","","","","","","0.094975347","","","","","","","","","","0.094975347","","","","","","","","","","0.094975347","","","","","","","","","","",
"Pacific island small states","PSS","Land area where elevation is below 5 meters (% of total land area)","AG.LND.EL5M.ZS","","","","","","","","","","","","","","","","","","","","","","","","","","","","","","","2.60465552058495","","","","","","","","","","2.76541033260888","","","","","","","","","","2.76541033260888","","","","","","","","","","",
"Post-demographic dividend","PST","Land area where elevation is below 5 meters (% of total land area)","AG.LND.EL5M.ZS","","","","","","","","","","","","","","","","","","","","","","","","","","","","","","","1.41673384537203","","","","","","","","","","1.41610511188467","","","","","","","","","","1.4160482656197","","","","","","","","","","",
"French Polynesia","PYF","Land area where elevation is below 5 meters (% of total land area)","AG.LND.EL5M.ZS","","","","","","","","","","","","","","","","","","","","","","","","","","","","","","","19.917984963","","","","","","","","","","19.917984963","","","","","","","","","","19.917984963","","","","","","","","","","",
"Qatar","QAT","Land area where elevation is below 5 meters (% of total land area)","AG.LND.EL5M.ZS","","","","","","","","","","","","","","","","","","","","","","","","","","","","","","","12.123914527","","","","","","","","","","12.123914527","","","","","","","","","","12.123914527","","","","","","","","","","",
"Romania","ROU","Land area where elevation is below 5 meters (% of total land area)","AG.LND.EL5M.ZS","","","","","","","","","","","","","","","","","","","","","","","","","","","","","","","2.383552177","","","","","","","","","","2.383552177","","","","","","","","","","2.383552177","","","","","","","","","","",
"Russian Federation","RUS","Land area where elevation is below 5 meters (% of total land area)","AG.LND.EL5M.ZS","","","","","","","","","","","","","","","","","","","","","","","","","","","","","","","0.780140447","","","","","","","","","","0.780140447","","","","","","","","","","0.780140447","","","","","","","","","","",
"Rwanda","RWA","Land area where elevation is below 5 meters (% of total land area)","AG.LND.EL5M.ZS","","","","","","","","","","","","","","","","","","","","","","","","","","","","","","","","","","","","","","","","","","","","","","","","","","","","","","","","","","","","","",
"South Asia","SAS","Land area where elevation is below 5 meters (% of total land area)","AG.LND.EL5M.ZS","","","","","","","","","","","","","","","","","","","","","","","","","","","","","","","1.78462443167766","","","","","","","","","","1.78462443167766","","","","","","","","","","1.78462443167766","","","","","","","","","","",
"Saudi Arabia","SAU","Land area where elevation is below 5 meters (% of total land area)","AG.LND.EL5M.ZS","","","","","","","","","","","","","","","","","","","","","","","","","","","","","","","0.418070627","","","","","","","","","","0.418070627","","","","","","","","","","0.418070627","","","","","","","","","","",
"Sudan","SDN","Land area where elevation is below 5 meters (% of total land area)","AG.LND.EL5M.ZS","","","","","","","","","","","","","","","","","","","","","","","","","","","","","","","0.07027762","","","","","","","","","","0.07027762","","","","","","","","","","0.07027762","","","","","","","","","","",
"Senegal","SEN","Land area where elevation is below 5 meters (% of total land area)","AG.LND.EL5M.ZS","","","","","","","","","","","","","","","","","","","","","","","","","","","","","","","3.536303993","","","","","","","","","","3.536303993","","","","","","","","","","3.536303993","","","","","","","","","","",
"Singapore","SGP","Land area where elevation is below 5 meters (% of total land area)","AG.LND.EL5M.ZS","","","","","","","","","","","","","","","","","","","","","","","","","","","","","","","8.1616391","","","","","","","","","","8.1616391","","","","","","","","","","8.1616391","","","","","","","","","","",
"Solomon Islands","SLB","Land area where elevation is below 5 meters (% of total land area)","AG.LND.EL5M.ZS","","","","","","","","","","","","","","","","","","","","","","","","","","","","","","","1.617805597","","","","","","","","","","1.617805597","","","","","","","","","","1.617805597","","","","","","","","","","",
"Sierra Leone","SLE","Land area where elevation is below 5 meters (% of total land area)","AG.LND.EL5M.ZS","","","","","","","","","","","","","","","","","","","","","","","","","","","","","","","2.851627671","","","","","","","","","","2.851627671","","","","","","","","","","2.851627671","","","","","","","","","","",
"El Salvador","SLV","Land area where elevation is below 5 meters (% of total land area)","AG.LND.EL5M.ZS","","","","","","","","","","","","","","","","","","","","","","","","","","","","","","","0.788962098","","","","","","","","","","0.788962098","","","","","","","","","","0.788962098","","","","","","","","","","",
"San Marino","SMR","Land area where elevation is below 5 meters (% of total land area)","AG.LND.EL5M.ZS","","","","","","","","","","","","","","","","","","","","","","","","","","","","","","","0","","","","","","","","","","0","","","","","","","","","","0","","","","","","","","","","",
"Somalia","SOM","Land area where elevation is below 5 meters (% of total land area)","AG.LND.EL5M.ZS","","","","","","","","","","","","","","","","","","","","","","","","","","","","","","","0.27021218","","","","","","","","","","0.27021218","","","","","","","","","","0.27021218","","","","","","","","","","",
"Serbia","SRB","Land area where elevation is below 5 meters (% of total land area)","AG.LND.EL5M.ZS","","","","","","","","","","","","","","","","","","","","","","","","","","","","","","","","","","","","","","","","","","","","","","","","","","","","","","","","","","","","","",
"Sub-Saharan Africa (excluding high income)","SSA","Land area where elevation is below 5 meters (% of total land area)","AG.LND.EL5M.ZS","","","","","","","","","","","","","","","","","","","","","","","","","","","","","","","0.330614542371675","","","","","","","","","","0.33243702332499","","","","","","","","","","0.330108299317116","","","","","","","","","","",
"South Sudan","SSD","Land area where elevation is below 5 meters (% of total land area)","AG.LND.EL5M.ZS","","","","","","","","","","","","","","","","","","","","","","","","","","","","","","","","","","","","","","","","","","","","","","","","","","","","","","","","","","","","","",
"Sub-Saharan Africa","SSF","Land area where elevation is below 5 meters (% of total land area)","AG.LND.EL5M.ZS","","","","","","","","","","","","","","","","","","","","","","","","","","","","","","","0.331016332551782","","","","","","","","","","0.332840982525265","","","","","","","","","","0.330509486904454","","","","","","","","","","",
"Small states","SST","Land area where elevation is below 5 meters (% of total land area)","AG.LND.EL5M.ZS","","","","","","","","","","","","","","","","","","","","","","","","","","","","","","","1.5889420124076","","","","","","","","","","1.59560269257041","","","","","","","","","","1.59651221680239","","","","","","","","","","",
"Sao Tome and Principe","STP","Land area where elevation is below 5 meters (% of total land area)","AG.LND.EL5M.ZS","","","","","","","","","","","","","","","","","","","","","","","","","","","","","","","0.898821551","","","","","","","","","","0.898821551","","","","","","","","","","0.898821551","","","","","","","","","","",
"Suriname","SUR","Land area where elevation is below 5 meters (% of total land area)","AG.LND.EL5M.ZS","","","","","","","","","","","","","","","","","","","","","","","","","","","","","","","2.697954737","","","","","","","","","","2.697954737","","","","","","","","","","2.697954737","","","","","","","","","","",
"Slovak Republic","SVK","Land area where elevation is below 5 meters (% of total land area)","AG.LND.EL5M.ZS","","","","","","","","","","","","","","","","","","","","","","","","","","","","","","","","","","","","","","","","","","","","","","","","","","","","","","","","","","","","","",
"Slovenia","SVN","Land area where elevation is below 5 meters (% of total land area)","AG.LND.EL5M.ZS","","","","","","","","","","","","","","","","","","","","","","","","","","","","","","","0.096306892","","","","","","","","","","0.096306892","","","","","","","","","","0.096306892","","","","","","","","","","",
"Sweden","SWE","Land area where elevation is below 5 meters (% of total land area)","AG.LND.EL5M.ZS","","","","","","","","","","","","","","","","","","","","","","","","","","","","","","","0.981584563","","","","","","","","","","0.981584563","","","","","","","","","","0.981584563","","","","","","","","","","",
"Eswatini","SWZ","Land area where elevation is below 5 meters (% of total land area)","AG.LND.EL5M.ZS","","","","","","","","","","","","","","","","","","","","","","","","","","","","","","","0","","","","","","","","","","0","","","","","","","","","","0","","","","","","","","","","",
"Sint Maarten (Dutch part)","SXM","Land area where elevation is below 5 meters (% of total land area)","AG.LND.EL5M.ZS","","","","","","","","","","","","","","","","","","","","","","","","","","","","","","","","","","","","","","","","","","","","","","","","","","","","","","","","","","","","","",
"Seychelles","SYC","Land area where elevation is below 5 meters (% of total land area)","AG.LND.EL5M.ZS","","","","","","","","","","","","","","","","","","","","","","","","","","","","","","","16.422987548","","","","","","","","","","16.422987548","","","","","","","","","","16.422987548","","","","","","","","","","",
"Syrian Arab Republic","SYR","Land area where elevation is below 5 meters (% of total land area)","AG.LND.EL5M.ZS","","","","","","","","","","","","","","","","","","","","","","","","","","","","","","","0.025965702","","","","","","","","","","0.025965702","","","","","","","","","","0.025965702","","","","","","","","","","",
"Turks and Caicos Islands","TCA","Land area where elevation is below 5 meters (% of total land area)","AG.LND.EL5M.ZS","","","","","","","","","","","","","","","","","","","","","","","","","","","","","","","55.879363166","","","","","","","","","","55.879363166","","","","","","","","","","55.879363166","","","","","","","","","","",
"Chad","TCD","Land area where elevation is below 5 meters (% of total land area)","AG.LND.EL5M.ZS","","","","","","","","","","","","","","","","","","","","","","","","","","","","","","","","","","","","","","","","","","","","","","","","","","","","","","","","","","","","","",
"East Asia & Pacific (IDA & IBRD countries)","TEA","Land area where elevation is below 5 meters (% of total land area)","AG.LND.EL5M.ZS","","","","","","","","","","","","","","","","","","","","","","","","","","","","","","","1.88661737663702","","","","","","","","","","1.87374270067272","","","","","","","","","","1.87277025238085","","","","","","","","","","",
"Europe & Central Asia (IDA & IBRD countries)","TEC","Land area where elevation is below 5 meters (% of total land area)","AG.LND.EL5M.ZS","","","","","","","","","","","","","","","","","","","","","","","","","","","","","","","0.803454349134921","","","","","","","","","","0.803495307268307","","","","","","","","","","0.80360096054333","","","","","","","","","","",
"Togo","TGO","Land area where elevation is below 5 meters (% of total land area)","AG.LND.EL5M.ZS","","","","","","","","","","","","","","","","","","","","","","","","","","","","","","","0.426619824","","","","","","","","","","0.426619824","","","","","","","","","","0.426619824","","","","","","","","","","",
"Thailand","THA","Land area where elevation is below 5 meters (% of total land area)","AG.LND.EL5M.ZS","","","","","","","","","","","","","","","","","","","","","","","","","","","","","","","2.90528606","","","","","","","","","","2.90528606","","","","","","","","","","2.90528606","","","","","","","","","","",
"Tajikistan","TJK","Land area where elevation is below 5 meters (% of total land area)","AG.LND.EL5M.ZS","","","","","","","","","","","","","","","","","","","","","","","","","","","","","","","","","","","","","","","","","","","","","","","","","","","","","","","","","","","","","",
"Turkmenistan","TKM","Land area where elevation is below 5 meters (% of total land area)","AG.LND.EL5M.ZS","","","","","","","","","","","","","","","","","","","","","","","","","","","","","","","","","","","","","","","","","","","","","","","","","","","","","","","","","","","","","",
"Latin America & the Caribbean (IDA & IBRD countries)","TLA","Land area where elevation is below 5 meters (% of total land area)","AG.LND.EL5M.ZS","","","","","","","","","","","","","","","","","","","","","","","","","","","","","","","0.929644563430905","","","","","","","","","","0.928752357595821","","","","","","","","","","0.928752357595821","","","","","","","","","","",
"Timor-Leste","TLS","Land area where elevation is below 5 meters (% of total land area)","AG.LND.EL5M.ZS","","","","","","","","","","","","","","","","","","","","","","","","","","","","","","","0.676322159","","","","","","","","","","0.676322159","","","","","","","","","","0.676322159","","","","","","","","","","",
"Middle East & North Africa (IDA & IBRD countries)","TMN","Land area where elevation is below 5 meters (% of total land area)","AG.LND.EL5M.ZS","","","","","","","","","","","","","","","","","","","","","","","","","","","","","","","0.696549090757782","","","","","","","","","","0.696549090757782","","","","","","","","","","0.69563530128917","","","","","","","","","","",
"Tonga","TON","Land area where elevation is below 5 meters (% of total land area)","AG.LND.EL5M.ZS","","","","","","","","","","","","","","","","","","","","","","","","","","","","","","","7.347107203","","","","","","","","","","7.347107203","","","","","","","","","","7.347107203","","","","","","","","","","",
"South Asia (IDA & IBRD)","TSA","Land area where elevation is below 5 meters (% of total land area)","AG.LND.EL5M.ZS","","","","","","","","","","","","","","","","","","","","","","","","","","","","","","","1.78462443167766","","","","","","","","","","1.78462443167766","","","","","","","","","","1.78462443167766","","","","","","","","","","",
"Sub-Saharan Africa (IDA & IBRD countries)","TSS","Land area where elevation is below 5 meters (% of total land area)","AG.LND.EL5M.ZS","","","","","","","","","","","","","","","","","","","","","","","","","","","","","","","0.331016332551782","","","","","","","","","","0.332840982525266","","","","","","","","","","0.330509486904454","","","","","","","","","","",
"Trinidad and Tobago","TTO","Land area where elevation is below 5 meters (% of total land area)","AG.LND.EL5M.ZS","","","","","","","","","","","","","","","","","","","","","","","","","","","","","","","2.6525162","","","","","","","","","","2.6525162","","","","","","","","","","2.6525162","","","","","","","","","","",
"Tunisia","TUN","Land area where elevation is below 5 meters (% of total land area)","AG.LND.EL5M.ZS","","","","","","","","","","","","","","","","","","","","","","","","","","","","","","","1.939264589","","","","","","","","","","1.939264589","","","","","","","","","","1.939264589","","","","","","","","","","",
"Turkey","TUR","Land area where elevation is below 5 meters (% of total land area)","AG.LND.EL5M.ZS","","","","","","","","","","","","","","","","","","","","","","","","","","","","","","","0.530868554","","","","","","","","","","0.530868554","","","","","","","","","","0.530868554","","","","","","","","","","",
"Tuvalu","TUV","Land area where elevation is below 5 meters (% of total land area)","AG.LND.EL5M.ZS","","","","","","","","","","","","","","","","","","","","","","","","","","","","","","","32.65421347","","","","","","","","","","32.65421347","","","","","","","","","","32.65421347","","","","","","","","","","",
"Tanzania","TZA","Land area where elevation is below 5 meters (% of total land area)","AG.LND.EL5M.ZS","","","","","","","","","","","","","","","","","","","","","","","","","","","","","","","0.088716314","","","","","","","","","","0.088716314","","","","","","","","","","0.088716314","","","","","","","","","","",
"Uganda","UGA","Land area where elevation is below 5 meters (% of total land area)","AG.LND.EL5M.ZS","","","","","","","","","","","","","","","","","","","","","","","","","","","","","","","","","","","","","","","","","","","","","","","","","","","","","","","","","","","","","",
"Ukraine","UKR","Land area where elevation is below 5 meters (% of total land area)","AG.LND.EL5M.ZS","","","","","","","","","","","","","","","","","","","","","","","","","","","","","","","1.215087844","","","","","","","","","","1.215087844","","","","","","","","","","1.215087844","","","","","","","","","","",
"Upper middle income","UMC","Land area where elevation is below 5 meters (% of total land area)","AG.LND.EL5M.ZS","","","","","","","","","","","","","","","","","","","","","","","","","","","","","","","0.913729281636716","","","","","","","","","","0.913577181361429","","","","","","","","","","0.913333037425798","","","","","","","","","","",
"Uruguay","URY","Land area where elevation is below 5 meters (% of total land area)","AG.LND.EL5M.ZS","","","","","","","","","","","","","","","","","","","","","","","","","","","","","","","1.516515562","","","","","","","","","","1.516515562","","","","","","","","","","1.516515562","","","","","","","","","","",
"United States","USA","Land area where elevation is below 5 meters (% of total land area)","AG.LND.EL5M.ZS","","","","","","","","","","","","","","","","","","","","","","","","","","","","","","","1.167679223","","","","","","","","","","1.167679223","","","","","","","","","","1.167679223","","","","","","","","","","",
"Uzbekistan","UZB","Land area where elevation is below 5 meters (% of total land area)","AG.LND.EL5M.ZS","","","","","","","","","","","","","","","","","","","","","","","","","","","","","","","","","","","","","","","","","","","","","","","","","","","","","","","","","","","","","",
"St. Vincent and the Grenadines","VCT","Land area where elevation is below 5 meters (% of total land area)","AG.LND.EL5M.ZS","","","","","","","","","","","","","","","","","","","","","","","","","","","","","","","3.403213626","","","","","","","","","","3.403213626","","","","","","","","","","3.403213626","","","","","","","","","","",
"Venezuela, RB","VEN","Land area where elevation is below 5 meters (% of total land area)","AG.LND.EL5M.ZS","","","","","","","","","","","","","","","","","","","","","","","","","","","","","","","1.458119112","","","","","","","","","","1.458119112","","","","","","","","","","1.458119112","","","","","","","","","","",
"British Virgin Islands","VGB","Land area where elevation is below 5 meters (% of total land area)","AG.LND.EL5M.ZS","","","","","","","","","","","","","","","","","","","","","","","","","","","","","","","28.007425639","","","","","","","","","","28.007425639","","","","","","","","","","28.007425639","","","","","","","","","","",
"Virgin Islands (U.S.)","VIR","Land area where elevation is below 5 meters (% of total land area)","AG.LND.EL5M.ZS","","","","","","","","","","","","","","","","","","","","","","","","","","","","","","","6.63837255","","","","","","","","","","6.63837255","","","","","","","","","","6.63837255","","","","","","","","","","",
"Vietnam","VNM","Land area where elevation is below 5 meters (% of total land area)","AG.LND.EL5M.ZS","","","","","","","","","","","","","","","","","","","","","","","","","","","","","","","15.405824249","","","","","","","","","","15.405824249","","","","","","","","","","15.405824249","","","","","","","","","","",
"Vanuatu","VUT","Land area where elevation is below 5 meters (% of total land area)","AG.LND.EL5M.ZS","","","","","","","","","","","","","","","","","","","","","","","","","","","","","","","0.827032824","","","","","","","","","","0.827032824","","","","","","","","","","0.827032824","","","","","","","","","","",
"World","WLD","Land area where elevation is below 5 meters (% of total land area)","AG.LND.EL5M.ZS","","","","","","","","","","","","","","","","","","","","","","","","","","","","","","","1.10826944911085","","","","","","","","","","1.11269410114956","","","","","","","","","","1.11124447900887","","","","","","","","","","",
"Samoa","WSM","Land area where elevation is below 5 meters (% of total land area)","AG.LND.EL5M.ZS","","","","","","","","","","","","","","","","","","","","","","","","","","","","","","","0.37125961","","","","","","","","","","0.37125961","","","","","","","","","","0.37125961","","","","","","","","","","",
"Kosovo","XKX","Land area where elevation is below 5 meters (% of total land area)","AG.LND.EL5M.ZS","","","","","","","","","","","","","","","","","","","","","","","","","","","","","","","","","","","","","","","","","","","","","","","","","","","","","","","","","","","","","",
"Yemen, Rep.","YEM","Land area where elevation is below 5 meters (% of total land area)","AG.LND.EL5M.ZS","","","","","","","","","","","","","","","","","","","","","","","","","","","","","","","0.414368245","","","","","","","","","","0.414368245","","","","","","","","","","0.414368245","","","","","","","","","","",
"South Africa","ZAF","Land area where elevation is below 5 meters (% of total land area)","AG.LND.EL5M.ZS","","","","","","","","","","","","","","","","","","","","","","","","","","","","","","","0.067860899","","","","","","","","","","0.067860899","","","","","","","","","","0.067860899","","","","","","","","","","",
"Zambia","ZMB","Land area where elevation is below 5 meters (% of total land area)","AG.LND.EL5M.ZS","","","","","","","","","","","","","","","","","","","","","","","","","","","","","","","","","","","","","","","","","","","","","","","","","","","","","","","","","","","","","",
"Zimbabwe","ZWE","Land area where elevation is below 5 meters (% of total land area)","AG.LND.EL5M.ZS","","","","","","","","","","","","","","","","","","","","","","","","","","","","","","","","","","","","","","","","","","","","","","","","","","","","","","","","","","","","","",
